,CTT,MQ,EQ,TC,Rounds,APFD_s2
556,SPY,674,20991,21665,4,0.9612960895662445
73,Wp,752,24775,25527,4,0.9440426690827118
88,Hsi,752,24775,25527,4,0.9440426690827118
250,HadsInt,752,24775,25527,4,0.9440426690827118
64,W,752,30778,31530,4,0.9359491875508961
431,H,659,51749,52408,4,0.8855803092322047
504,SPYH,680,122938,123618,4,0.7974175821212661
