,CTT,MQ,EQ,TC,Rounds,APFD_s2
556,SPY,674,20991,21665,4,0.9801501033049279
73,Wp,752,24775,25527,4,0.9713014208230651
88,HSI,752,24775,25527,4,0.9713014208230651
250,H-ADS,752,24775,25527,4,0.9713014208230651
64,W,752,30778,31530,4,0.9671505541403564
431,H,659,51749,52408,4,0.9413180989680571
504,SPY-H,680,122938,123618,4,0.8961024862329243
