,CTT,MQ,EQ,TQ,Rounds,APFD
520,SPY,648,25872,26520,4,0.756694044252951
76,HadsInt,649,13629,14278,3,0.6904223329294017
164,Wp,649,13629,14278,3,0.6904223329294017
197,W,649,13629,14278,3,0.6904223329294017
255,Hsi,649,13629,14278,3,0.6904223329294017
564,SPYH,664,14194,14858,3,0.6780889547147795
413,H,664,16908,17572,3,0.6195458013554149
