,CTT,MQ,EQ,TC,Rounds,APFD_s2
551,SPY,674,20991,21665,4,0.9801501033049279
38,H-ADS,746,24775,25521,4,0.9713055696153516
94,Wp,746,24775,25521,4,0.9713055696153516
106,HSI,746,24775,25521,4,0.9713055696153516
4,W,746,30778,31524,4,0.967154702932643
434,H,659,51749,52408,4,0.9413180989680571
600,SPY-H,680,122938,123618,4,0.8961024862329243
