,CTT,MQ,EQ,TQ,Rounds,APFD
551,SPY,674,20991,21665,4,0.9623179286834518
38,HadsInt,746,24775,25521,4,0.9466331088843603
94,Wp,746,24775,25521,4,0.9466331088843603
106,Hsi,746,24775,25521,4,0.9466331088843603
4,W,746,30778,31524,4,0.9390638255245751
434,H,659,51749,52408,4,0.8905099092499899
600,SPYH,680,122938,123618,4,0.7991009519516418
