,CTT,MQ,EQ,TQ,Rounds,APFD
461,SPY,355,5683,6038,3,0.9488634163342756
24,W,421,14244,14665,3,0.8809975603144483
132,Hsi,421,14244,14665,3,0.8809975603144483
145,HadsInt,421,14244,14665,3,0.8809975603144483
320,Wp,421,14244,14665,3,0.8809975603144483
503,SPYH,355,25266,25621,3,0.7928784416992604
394,H,340,31100,31440,3,0.7471730627734964
