,CTT,MQ,EQ,TC,Rounds,APFD_s2
461,SPY,355,5683,6038,3,0.9486641221374046
24,W,421,14244,14665,3,0.880065203562341
132,HSI,421,14244,14665,3,0.880065203562341
145,H-ADS,421,14244,14665,3,0.880065203562341
320,Wp,421,14244,14665,3,0.880065203562341
503,SPY-H,355,25266,25621,3,0.7929468829516539
394,H,340,31100,31440,3,0.7466762086513995
