,CTT,MQ,EQ,TC,Rounds,APFD_s2
545,SPY,674,20991,21665,4,0.9801501033049279
13,Wp,746,24775,25521,4,0.9713055696153516
41,HSI,746,24775,25521,4,0.9713055696153516
234,H-ADS,746,24775,25521,4,0.9713055696153516
189,W,746,30778,31524,4,0.967154702932643
378,H,659,51749,52408,4,0.9413180989680571
562,SPY-H,680,122938,123618,4,0.8961024862329243
