,CTT,MQ,EQ,TQ,Rounds,APFD
539,SPY,355,5683,6038,3,0.9488634163342756
39,W,421,14244,14665,3,0.8809975603144483
230,HadsInt,421,14244,14665,3,0.8809975603144483
238,Hsi,421,14244,14665,3,0.8809975603144483
313,Wp,421,14244,14665,3,0.8809975603144483
616,SPYH,355,25266,25621,3,0.7928784416992604
368,H,340,31100,31440,3,0.7471730627734964
