,CTT,MQ,EQ,TC,Rounds,APFD_s2
539,SPY,355,5683,6038,3,0.969611387257117
39,W,421,14244,14665,3,0.9290038032836271
230,H-ADS,421,14244,14665,3,0.9290038032836271
238,HSI,421,14244,14665,3,0.9290038032836271
313,Wp,421,14244,14665,3,0.9290038032836271
616,SPY-H,355,25266,25621,3,0.8774335366772105
368,H,340,31100,31440,3,0.8500433047145655
