,CTT,MQ,EQ,TQ,Rounds,APFD
439,H,21591,2417108,2438699,42,0.9663177171633756
519,SPYH,23272,2425272,2448544,39,0.9633062775800104
21,HadsInt,36644,2842048,2878692,38,0.9478294555340342
55,Hsi,36644,2849427,2886071,38,0.9477335009352703
641,SPY,33377,3210221,3243598,43,0.9440990517066703
28,Wp,33749,8130087,8163836,42,0.8960590725087901
44,W,34625,15527037,15561662,40,0.8139606229132179
