,CTT,MQ,EQ,TC,Rounds,APFD
462,SPY,4424,329619,334043,12,0.7748735386302475
190,Hsi,4420,339140,343560,10,0.7603144613673503
370,H,3664,366928,370592,13,0.7421640793858508
592,SPYH,3804,433016,436820,13,0.7360836041325227
283,HadsInt,4423,416591,421014,10,0.7189383070301292
52,Wp,4291,391327,395618,12,0.6714096111241565
287,W,4211,485534,489745,12,0.5798013131683776
