,CTT,MQ,EQ,TQ,Rounds,APFD
462,SPY,4424,329619,334043,12,0.7740354943806437
190,Hsi,4420,339140,343560,10,0.761989629168031
370,H,3664,366928,370592,13,0.7423874502598279
592,SPYH,3804,433016,436820,13,0.7350354666630639
283,HadsInt,4423,416591,421014,10,0.7198278473649983
52,Wp,4291,391327,395618,12,0.6721561171096999
287,W,4211,485534,489745,12,0.5818924950682904
