,CTT,MQ,EQ,TC,Rounds,APFD_s2
120,Hsi,313,3708,4021,5,0.8726964205673304
242,Wp,313,3718,4031,5,0.8724402894281872
216,HadsInt,313,3730,4043,5,0.8721329320612153
559,SPY,294,4996,5290,5,0.8221489402574118
594,SPYH,326,7324,7650,5,0.7339501824934366
406,H,326,7968,8294,5,0.7036754818467055
247,W,313,10842,11155,5,0.67337516808606
