,CTT,MQ,EQ,TC,Rounds,APFD_s2
8,HSI,1031,60155,61186,11,0.9358146016867479
257,H-ADS,1089,61883,62972,11,0.934080266488581
566,SPY-H,1205,73040,74245,11,0.9177906321105943
450,H,1030,96301,97331,11,0.9102853102035321
7,Wp,1003,98268,99271,11,0.8952137493818323
464,SPY,1032,190798,191830,11,0.8904434278280088
291,W,984,358130,359114,11,0.6455645220414262
