,CTT,MQ,EQ,TQ,Rounds,APFD
8,Hsi,1031,60155,61186,11,0.9115287386690936
257,HadsInt,1089,61883,62972,11,0.9090258002716047
566,SPYH,1205,73040,74245,11,0.8870677891834354
450,H,1030,96301,97331,11,0.876907729426053
7,Wp,1003,98268,99271,11,0.8536630209879322
464,SPY,1032,190798,191830,11,0.846282070936884
291,W,984,358130,359114,11,0.5089101127627025
