,CTT,MQ,EQ,TC,Rounds,APFD_s2
324,HSI,313,3708,4021,5,0.8953135695855933
299,Wp,313,3718,4031,5,0.8951029434995524
338,H-ADS,313,3730,4043,5,0.8948501921963036
614,SPY,294,4996,5290,5,0.85374651150545
521,SPY-H,326,7324,7650,5,0.7812174187773157
393,H,326,7968,8294,5,0.7563214154072982
228,W,313,10842,11155,5,0.7314043494286767
