,CTT,MQ,EQ,TC,Rounds,APFD_s2
184,Wp,616,1068,1684,5,0.9846387750422283
27,Hsi,612,1813,2425,5,0.9775318366938284
271,HadsInt,612,1813,2425,5,0.9775318366938284
308,W,616,3138,3754,5,0.9710982892318822
391,H,701,3543,4244,5,0.9610135743975816
529,SPY,685,61572,62257,6,0.8016589315531268
497,SPYH,644,68162,68806,6,0.7594791474903675
