,CTT,MQ,EQ,TC,Rounds,APFD_s2
515,SPY,696,58345,59041,8,0.9385483183575688
466,SPY-H,692,63250,63942,8,0.9241973848900096
176,HSI,607,47110,47717,8,0.9235416881835697
34,H-ADS,607,47326,47933,8,0.9233406658981916
380,H,681,70909,71590,8,0.9177175818918492
12,Wp,579,80488,81067,8,0.8865053106684664
116,W,576,280211,280787,8,0.6705551420353032
