,CTT,MQ,EQ,TC,Rounds,APFD_s2
454,H,651,13689,14340,9,0.9466958596581942
87,HSI,772,21861,22633,10,0.939386839454705
168,H-ADS,821,22616,23437,10,0.9377494465719779
105,Wp,772,34275,35047,10,0.9277258013260727
598,SPY-H,740,23146,23886,10,0.9212920322523308
638,SPY,493,40137,40630,10,0.9038300989437739
17,W,772,123002,123774,10,0.714134228513258
