,CTT,MQ,EQ,TQ,Rounds,APFD
435,H,1177,44662,45839,10,0.9757646040202566
78,Hsi,1446,79693,81139,12,0.969874921944652
188,HadsInt,1507,81222,82729,12,0.9692814982656373
463,SPYH,1054,78790,79844,13,0.9516806940699593
295,Wp,1481,143184,144665,12,0.9459237737640184
526,SPY,1316,143671,144987,13,0.9299127269019336
336,W,1436,629179,630615,12,0.8032607057647259
