,CTT,MQ,EQ,TQ,Rounds,APFD
396,H,536,11956,12492,8,0.9361390063424948
610,SPY,487,23557,24044,8,0.9229280331446499
165,Hsi,596,24112,24708,8,0.9161107038123167
6,HadsInt,618,24901,25519,8,0.9138166643933711
550,SPYH,573,26499,27072,10,0.900757433676601
109,Wp,541,45389,45930,8,0.8744036861488099
167,W,541,120967,121508,8,0.6450636806929005
