,CTT,MQ,EQ,TQ,Rounds,APFD
623,SPY,1647,31795,33442,7,0.9053866257828225
377,H,1786,64241,66027,7,0.7426178212318051
571,SPYH,1814,71453,73267,6,0.7267574001102788
58,HadsInt,1841,61967,63808,6,0.7013245409159714
126,Hsi,1841,61967,63808,6,0.7013245409159714
251,W,1782,88874,90656,7,0.6916504909498171
262,Wp,1756,68081,69837,7,0.6834916536289641
