,CTT,MQ,EQ,TQ,Rounds,APFD
50,Wp,463,6703,7166,5,0.9369843191273254
59,HadsInt,463,9519,9982,5,0.9205103588373614
327,Hsi,463,9519,9982,5,0.9205103588373614
579,SPY,363,5869,6232,4,0.903431147472555
36,W,463,10031,10494,5,0.9009197033574042
617,SPYH,366,27818,28184,5,0.7749161692476799
448,H,366,28071,28437,5,0.7702689540983151
