,CTT,MQ,EQ,TQ,Rounds,APFD
441,H,12332,1642534,1654866,26,0.9506169872322957
536,SPYH,13201,701594,714795,23,0.9253226662268159
345,Hsi,16528,1252207,1268735,21,0.9235429575719157
102,Wp,14513,2120493,2135006,20,0.9154561449301808
134,HadsInt,16849,1667129,1683978,22,0.8919553786881463
642,SPY,14774,1104923,1119697,21,0.8763531724286532
45,W,14903,3236039,3250942,18,0.8492381486128426
