,CTT,MQ,EQ,TC,Rounds,APFD_s2
441,H,12332,1642534,1654866,26,0.9496404698192997
536,SPYH,13201,701594,714795,23,0.9235476164429011
345,Hsi,16528,1252207,1268735,21,0.9233754672446615
102,Wp,14513,2120493,2135006,20,0.9146567364167063
134,HadsInt,16849,1667129,1683978,22,0.8930516591987256
642,SPY,14774,1104923,1119697,21,0.8776473457991741
45,W,14903,3236039,3250942,18,0.8448476038094588
