,CTT,MQ,EQ,TQ,Rounds,APFD
369,H,9576,712469,722045,9,0.9711803093645273
501,SPYH,12905,870752,883657,9,0.9680253873739171
513,SPY,9663,673659,683322,8,0.9639062621861916
22,HadsInt,9956,711895,721851,9,0.9519931005325593
304,Hsi,9956,711895,721851,9,0.9519931005325593
309,Wp,9836,1677822,1687658,9,0.9518230584864448
186,W,9841,1886373,1896214,9,0.9442482106335576
