,CTT,MQ,EQ,TQ,Rounds,APFD
415,H,32501,4343570,4376071,29,0.9826601142830619
555,SPYH,40261,4653728,4693989,29,0.9755083729084193
482,SPY,38120,6873898,6912018,32,0.9717373130232678
30,HadsInt,40750,4351887,4392637,22,0.9621619455301147
341,Hsi,40896,8038024,8078920,21,0.9571319124220622
179,Wp,38513,32033781,32072294,26,0.8673925209355954
272,W,36829,36142595,36179424,23,0.8068013982340422
