,CTT,MQ,EQ,TC,Rounds,APFD_s2
369,H,9576,712469,722045,9,0.9922407635670029
501,SPY-H,12905,870752,883657,9,0.9914817029058566
513,SPY,9663,673659,683322,8,0.9905076653793675
22,H-ADS,9956,711895,721851,9,0.9873864304091513
304,HSI,9956,711895,721851,9,0.9873864304091513
309,Wp,9836,1677822,1687658,9,0.9872838193634994
186,W,9841,1886373,1896214,9,0.9852284497075041
