,CTT,MQ,EQ,TC,Rounds,APFD_s2
193,Wp,320,3741,4061,5,0.802478590434452
15,Hsi,320,5661,5981,5,0.7166167296469378
196,HadsInt,320,5661,5981,5,0.7166167296469378
467,SPY,245,9684,9929,6,0.6114583100418128
226,W,320,11053,11373,5,0.5223542696151867
507,SPYH,281,12269,12550,6,0.49779196386646685
423,H,245,12533,12778,6,0.480328913534423
