,CTT,MQ,EQ,TQ,Rounds,APFD
193,Wp,320,3741,4061,5,0.8082566110346487
15,Hsi,320,5661,5981,5,0.7261581837860951
196,HadsInt,320,5661,5981,5,0.7261581837860951
467,SPY,245,9684,9929,6,0.612003420767802
226,W,320,11053,11373,5,0.5341675908975507
507,SPYH,281,12269,12550,6,0.5006013068401994
423,H,245,12533,12778,6,0.48397851330224356
