,CTT,MQ,EQ,TQ,Rounds,APFD
438,H,579,51363,51942,7,0.9099241101389232
557,SPY,631,60390,61021,8,0.8992113568387319
484,SPYH,574,85005,85579,8,0.869505706081405
221,Wp,604,95785,96389,7,0.8570766489954437
104,Hsi,592,111130,111722,8,0.8242613764064811
170,HadsInt,592,111130,111722,8,0.8242613764064811
18,W,631,270065,270696,7,0.5193109716134041
