,CTT,MQ,EQ,TQ,Rounds,APFD
321,Wp,337,19238,19575,6,0.9434054381659285
612,SPY,333,10565,10898,6,0.9428423919549863
296,HadsInt,337,22630,22967,6,0.9272435801508441
326,Hsi,337,22630,22967,6,0.9272435801508441
471,SPYH,368,15757,16125,6,0.9207358134801868
401,H,344,15013,15357,6,0.920655378307195
82,W,337,76118,76455,6,0.8157566892134563
