,CTT,MQ,EQ,TQ,Rounds,APFD
128,Hsi,405,9800,10205,7,0.9428515604871262
192,HadsInt,405,9857,10262,7,0.9425080300245624
508,SPYH,466,6754,7220,6,0.9282085745203456
437,H,464,7501,7965,7,0.9217502018241467
83,Wp,418,19045,19463,7,0.9007862553461928
560,SPY,415,10128,10543,6,0.8931126436386746
195,W,418,38041,38459,7,0.8146245212044178
