,CTT,MQ,EQ,TQ,Rounds,APFD
273,Hsi,768,8197,8965,7,0.9616416505671967
366,HadsInt,768,8197,8965,7,0.9616416505671967
225,Wp,811,18899,19710,7,0.917466686481399
311,W,754,42696,43450,7,0.8584881359290633
456,H,847,40380,41227,7,0.8126626046465547
494,SPYH,938,42043,42981,7,0.812248476742458
643,SPY,789,65173,65962,8,0.627953633526527
