,CTT,MQ,EQ,TQ,Rounds,APFD
219,Hsi,810,2520,3330,8,0.9526274679973964
124,HadsInt,819,2669,3488,8,0.9519852462573226
139,W,744,13888,14632,8,0.8276502495118246
60,Wp,726,25789,26515,8,0.8163766543718811
372,H,746,14634,15380,8,0.8113950965502278
602,SPYH,667,14759,15426,9,0.8005858103710132
588,SPY,592,22098,22690,9,0.7255326535040139
