,CTT,MQ,EQ,TQ,Rounds,APFD
305,Hsi,377,4127,4504,6,0.9131851521459015
361,HadsInt,377,4127,4504,6,0.9131851521459015
72,Wp,377,7798,8175,6,0.8440628407176132
444,H,385,7823,8208,6,0.8110565962929923
525,SPYH,382,8682,9064,6,0.8055307760927743
487,SPY,303,10832,11135,6,0.7469273466151254
35,W,377,15429,15806,6,0.7415378134602042
