,CTT,MQ,EQ,TQ,Rounds,APFD
202,Hsi,754,20330,21084,6,0.9488488415579613
328,HadsInt,754,20487,21241,6,0.9479706078861742
451,H,873,9620,10493,7,0.9296299512699371
582,SPYH,708,17202,17910,7,0.9219933803312076
323,Wp,754,32773,33527,6,0.9141355001099544
540,SPY,643,19967,20610,7,0.8731946835347295
307,W,750,73375,74125,6,0.8265054283805343
