,CTT,MQ,EQ,TQ,Rounds,APFD
203,Hsi,673,17341,18014,6,0.956532866577434
123,HadsInt,673,17498,18171,6,0.955790077514819
400,H,744,9620,10364,7,0.9394928442202186
348,Wp,673,29135,29808,6,0.9256754967861502
528,SPYH,596,17651,18247,7,0.9251298042272788
603,SPY,528,19967,20495,7,0.8930266080280054
249,W,666,77288,77954,6,0.8337505699619044
