,CTT,MQ,EQ,TQ,Rounds,APFD
447,H,1386,9433,10819,9,0.9504984259019905
99,Hsi,1194,36191,37385,9,0.939669577901695
325,HadsInt,1194,36478,37672,9,0.9387607786476606
604,SPYH,1184,27192,28376,10,0.9201462618634366
65,Wp,1135,53721,54856,8,0.9155924563314746
543,SPY,1053,55093,56146,10,0.8720075981387791
332,W,1191,121969,123160,9,0.7967469025813362
