,CTT,MQ,EQ,TC,Rounds,APFD
305,Hsi,377,4127,4504,6,0.911352229111308
361,HadsInt,377,4127,4504,6,0.911352229111308
72,Wp,377,7798,8175,6,0.8416213252351429
444,H,385,7823,8208,6,0.8053692690539458
525,SPYH,382,8682,9064,6,0.7993799822852082
487,SPY,303,10832,11135,6,0.7421865114513476
35,W,377,15429,15806,6,0.7389704331688388
