,CTT,MQ,EQ,TC,Rounds,APFD_s2
180,HSI,14825,3649314,3664139,22,0.9482179909804795
47,H-ADS,14889,5478785,5493674,22,0.9241707229147931
421,H,12788,6159715,6172503,24,0.9164160013482273
533,SPY,13446,6648215,6661661,24,0.9109143677806405
498,SPY-H,12992,7893087,7906079,23,0.8942294840437823
280,Wp,13432,7337312,7350744,24,0.8836274051011986
316,W,14839,16713366,16728205,22,0.7956361852781262
