,CTT,MQ,EQ,TQ,Rounds,APFD
180,Hsi,14825,3649314,3664139,22,0.9458124486526728
47,HadsInt,14889,5478785,5493674,22,0.9202010697182357
421,H,12788,6159715,6172503,24,0.9153249939962826
533,SPY,13446,6648215,6661661,24,0.9090233997962849
498,SPYH,12992,7893087,7906079,23,0.8921306032280855
280,Wp,13432,7337312,7350744,24,0.8796453346107493
316,W,14839,16713366,16728205,22,0.7897954608909811
