,CTT,MQ,EQ,TC,Rounds,APFD
151,Wp,825,46742,47567,4,0.8218357802594627
218,W,825,58878,59703,4,0.7871645654242053
241,Hsi,825,61283,62108,4,0.7802937454111207
333,HadsInt,825,61283,62108,4,0.7802937454111207
445,H,760,63209,63969,4,0.7615925446603301
514,SPY,631,95678,96309,4,0.7140553265282218
493,SPYH,786,115891,116677,4,0.6206264587993635
