,CTT,MQ,EQ,TC,Rounds,APFD_s2
542,SPY,674,20991,21665,4,0.9612960895662445
33,H-ADS,746,24775,25521,4,0.9440507585195252
182,Wp,746,24775,25521,4,0.9440507585195252
265,HSI,746,24775,25521,4,0.9440507585195252
181,W,746,30778,31524,4,0.9359572769877095
425,H,659,51749,52408,4,0.8855803092322047
483,SPY-H,680,122938,123618,4,0.7974175821212661
