,CTT,MQ,EQ,TQ,Rounds,APFD
151,Wp,825,46742,47567,4,0.8292930604526039
218,W,825,58878,59703,4,0.7968177232637814
241,Hsi,825,61283,62108,4,0.7884808107847152
333,HadsInt,825,61283,62108,4,0.7884808107847152
445,H,760,63209,63969,4,0.7706633239110241
514,SPY,631,95678,96309,4,0.7120086165852619
493,SPYH,786,115891,116677,4,0.6225915678655973
