,CTT,MQ,EQ,TQ,Rounds,APFD
542,SPY,674,20991,21665,4,0.9623179286834518
33,HadsInt,746,24775,25521,4,0.9466331088843603
182,Wp,746,24775,25521,4,0.9466331088843603
265,Hsi,746,24775,25521,4,0.9466331088843603
181,W,746,30778,31524,4,0.9390638255245751
425,H,659,51749,52408,4,0.8905099092499899
483,SPYH,680,122938,123618,4,0.7991009519516418
