,CTT,MQ,EQ,TC,Rounds,APFD_s2
113,Wp,216,2989,3205,5,0.8917179354137327
281,HSI,216,4909,5125,5,0.8442789019840388
365,H-ADS,216,4909,5125,5,0.8442789019840388
634,SPY,205,6006,6211,5,0.7728485657104737
152,W,216,8829,9045,5,0.7225187161811578
488,SPY-H,210,8529,8739,5,0.6962172312405802
446,H,206,9037,9243,5,0.6750673288365082
