,CTT,MQ,EQ,TQ,Rounds,APFD
532,SPY,450,4007,4457,5,0.970263036401994
530,SPYH,501,10550,11051,4,0.9278398210970661
452,H,486,11143,11629,4,0.9240334585887628
29,Wp,490,21891,22381,5,0.9158499739944015
67,HadsInt,490,31677,32167,5,0.8812128543628044
343,Hsi,490,31677,32167,5,0.8812128543628044
2,W,490,65485,65975,5,0.8111808489707821
