,CTT,MQ,EQ,TQ,Rounds,APFD
113,Wp,216,2989,3205,5,0.8415271966527197
281,Hsi,216,4909,5125,5,0.771792189679219
365,HadsInt,216,4909,5125,5,0.771792189679219
634,SPY,205,6006,6211,5,0.6697175732217574
152,W,216,8829,9045,5,0.5908298465829847
488,SPYH,210,8529,8739,5,0.5581851464435147
446,H,206,9037,9243,5,0.527763249651325
