,CTT,MQ,EQ,TC,Rounds,APFD_s2
453,H,18718,1402829,1421547,26,0.9521840216822922
213,Hsi,19212,1328903,1348115,29,0.9482746991929106
5,HadsInt,19770,1786989,1806759,28,0.9417959794068846
80,Wp,18954,1747873,1766827,27,0.9359260025821486
608,SPYH,18992,2461550,2480542,28,0.9147151785801573
473,SPY,16528,3007963,3024491,25,0.8727978110222506
154,W,18911,5208600,5227511,27,0.8614568799165556
