,CTT,MQ,EQ,TQ,Rounds,APFD
353,Hsi,1675,27200,28875,7,0.8872745361517391
382,H,1440,32124,33564,7,0.8814129067824349
172,HadsInt,1675,31529,33204,7,0.8687270659982428
89,W,1544,67802,69346,7,0.842019182731235
607,SPYH,1406,83297,84703,7,0.807599875962582
285,Wp,1511,60410,61921,7,0.7711864954261202
535,SPY,1440,88124,89564,6,0.7623509828242631
