,CTT,MQ,EQ,TQ,Rounds,APFD
200,Hsi,2351,54372,56723,9,0.8923167136650283
199,HadsInt,2351,58751,61102,9,0.8897965538414976
591,SPYH,2245,46925,49170,11,0.8735220252074185
410,H,2169,92687,94856,11,0.841208105253049
229,W,2291,131208,133499,10,0.8109068210191805
63,Wp,2314,104129,106443,9,0.8006725276388198
631,SPY,2218,90207,92425,12,0.7772984817928638
