,CTT,MQ,EQ,TC,Rounds,APFD
353,Hsi,1675,27200,28875,7,0.8870174772602087
382,H,1440,32124,33564,7,0.87873848123502
172,HadsInt,1675,31529,33204,7,0.869778407991306
89,W,1544,67802,69346,7,0.8370894928021675
607,SPYH,1406,83297,84703,7,0.8090313444389859
285,Wp,1511,60410,61921,7,0.7663877227457461
535,SPY,1440,88124,89564,6,0.7608209399609962
