,CTT,MQ,EQ,TQ,Rounds,APFD
387,H,26193,2210654,2236847,43,0.9562918937317786
465,SPYH,27404,3301279,3328683,37,0.946635634334187
534,SPY,28147,4048525,4076672,38,0.9404111748242435
11,Hsi,33104,2880274,2913378,37,0.9401747641411852
171,HadsInt,36141,2611594,2647735,38,0.9361739293425362
156,Wp,32194,7469809,7502003,41,0.8714221548299685
111,W,28465,12510639,12539104,41,0.8024014446341102
