,CTT,MQ,EQ,TQ,Rounds,APFD
26,Hsi,2638,12778,15416,7,0.9729281580893268
201,HadsInt,2638,12778,15416,7,0.9729281580893268
236,Wp,2571,33393,35964,7,0.9519861833875368
379,H,2456,34451,36907,6,0.9480453169410702
223,W,2596,49175,51771,7,0.9413117438182872
596,SPYH,2066,51951,54017,7,0.9293452466245977
586,SPY,1941,143746,145687,7,0.8618396191906531
