,CTT,MQ,EQ,TQ,Rounds,APFD
453,H,18718,1402829,1421547,26,0.9536837451519193
213,Hsi,19212,1328903,1348115,29,0.9481699107873324
5,HadsInt,19770,1786989,1806759,28,0.9415717496803905
80,Wp,18954,1747873,1766827,27,0.9366599164652959
608,SPYH,18992,2461550,2480542,28,0.9179068623083622
473,SPY,16528,3007963,3024491,25,0.8759330718160886
154,W,18911,5208600,5227511,27,0.8637836220630307
