,CTT,MQ,EQ,TC,Rounds,APFD
200,Hsi,2351,54372,56723,9,0.8938751101756068
199,HadsInt,2351,58751,61102,9,0.8916883272533876
591,SPYH,2245,46925,49170,11,0.8705151349448311
410,H,2169,92687,94856,11,0.8412564888126502
229,W,2291,131208,133499,10,0.8080757159229658
63,Wp,2314,104129,106443,9,0.7984576663495607
631,SPY,2218,90207,92425,12,0.7776560124045874
