,CTT,MQ,EQ,TC,Rounds,APFD_s2
558,SPY,1144,25559,26703,5,0.8171550263666516
346,Wp,1224,34916,36140,5,0.6936135436302464
1,H-ADS,1224,37168,38392,5,0.6818117826719797
206,HSI,1224,37168,38392,5,0.6818117826719797
231,W,1237,35294,36531,5,0.6675523157317044
383,H,1055,33546,34601,5,0.6489954425063829
544,SPY-H,1188,43226,44414,5,0.620445489035768
