,CTT,MQ,EQ,TQ,Rounds,APFD
558,SPY,1144,25559,26703,5,0.7537297877350297
346,Wp,1224,34916,36140,5,0.5918000640770777
1,HadsInt,1224,37168,38392,5,0.5685238725715367
206,Hsi,1224,37168,38392,5,0.5685238725715367
231,W,1237,35294,36531,5,0.5611357083026136
383,H,1055,33546,34601,5,0.5306064548005698
544,SPYH,1188,43226,44414,5,0.4906818032679309
